prod_codi,prod_nome,prod_url
72759BR-CP, BICA LAV ARTIFACTS CP,https://objectstorage.sa-saopaulo-1.oraclecloud.com/n/grsxg5eatn7l/b/produtos/o/produtos/72759BR-CP.png
14444BR-BN, PAPELEIRA VERTICAL PURIST BN,https://objectstorage.sa-saopaulo-1.oraclecloud.com/n/grsxg5eatn7l/b/produtos/o/produtos/14444BR-BN.png
14444BR-CP, PAPELEIRA VERTICAL PURIST CP,https://objectstorage.sa-saopaulo-1.oraclecloud.com/n/grsxg5eatn7l/b/produtos/o/produtos/14444BR-CP.png
14444BR-RGD, PAPELEIRA VERTICAL PURIST RGD,https://objectstorage.sa-saopaulo-1.oraclecloud.com/n/grsxg5eatn7l/b/produtos/o/produtos/14444BR-RGD.png
73053BR-4ND-CP, MIST MON LAV BICA AL COMPOSED CP,https://objectstorage.sa-saopaulo-1.oraclecloud.com/n/grsxg5eatn7l/b/produtos/o/produtos/73053BR-4ND-CP.png
73053BR-4ND-RGD, MIST MON LAV BICA AL COMPOSED RGD,https://objectstorage.sa-saopaulo-1.oraclecloud.com/n/grsxg5eatn7l/b/produtos/o/produtos/73053BR-4ND-RGD.png
73060BR-4-CP, MIST LAV BICA BX ALAV COMPOSED CP,https://objectstorage.sa-saopaulo-1.oraclecloud.com/n/grsxg5eatn7l/b/produtos/o/produtos/73060BR-4-CP.png
73060BR-4-BL,MIST LAV BICA BX ALAV COMPOSED BL,https://objectstorage.sa-saopaulo-1.oraclecloud.com/n/grsxg5eatn7l/b/produtos/o/produtos/73060BR-4-BL.png
73060BR-4-RGD, MIST LAV BICA BX ALAV COMPOSED RGD,https://objectstorage.sa-saopaulo-1.oraclecloud.com/n/grsxg5eatn7l/b/produtos/o/produtos/73060BR-4-RGD.png
T73100BR-4-CP, ACAB MIST MON CHUV/BANH ALAV COMPOSED CP,https://objectstorage.sa-saopaulo-1.oraclecloud.com/n/grsxg5eatn7l/b/produtos/o/produtos/T73100BR-4-CP.png
T73100BR-4-TT, ACAB MIST MON CHUV/BANH ALAV COMPOSED TT,https://objectstorage.sa-saopaulo-1.oraclecloud.com/n/grsxg5eatn7l/b/produtos/o/produtos/T73100BR-4-TT.png
T73133BR-3-TT, ACAB VALV TERMOST COMPOSED CRUZ TT,https://objectstorage.sa-saopaulo-1.oraclecloud.com/n/grsxg5eatn7l/b/produtos/o/produtos/T73133BR-3-TT.png
T73133BR-4-CP, ACAB VALV TERMOST COMPOSED ALAV CP,https://objectstorage.sa-saopaulo-1.oraclecloud.com/n/grsxg5eatn7l/b/produtos/o/produtos/T73133BR-4-CP.png
T73133BR-4-BL, ACAB VALV TERMOST COMPOSED ALAV BL,https://objectstorage.sa-saopaulo-1.oraclecloud.com/n/grsxg5eatn7l/b/produtos/o/produtos/T73133BR-4-BL.png
T73133BR-4-TT, ACAB VALV TERMOST COMPOSED ALAV TT,https://objectstorage.sa-saopaulo-1.oraclecloud.com/n/grsxg5eatn7l/b/produtos/o/produtos/T73133BR-4-TT.png
T73135BR-3-TT, ACAB VALV CONTR VOL CRUZ COMPOSED TT,https://objectstorage.sa-saopaulo-1.oraclecloud.com/n/grsxg5eatn7l/b/produtos/o/produtos/T73135BR-3-TT.png
T73140BR-3-TT, ACAB VALV DESV CHUV CRUZ COMPOSED TT,https://objectstorage.sa-saopaulo-1.oraclecloud.com/n/grsxg5eatn7l/b/produtos/o/produtos/T73140BR-3-TT.png
T97045BR-3-CP, ACAB MIST CHUV CRUZ COMPOSED CP,https://objectstorage.sa-saopaulo-1.oraclecloud.com/n/grsxg5eatn7l/b/produtos/o/produtos/T97045BR-3-CP.png
73146BR-TT, CABIDE COMPOSED TT,https://objectstorage.sa-saopaulo-1.oraclecloud.com/n/grsxg5eatn7l/b/produtos/o/produtos/73146BR-TT.png
T37336BR-4-CP, ACAB MIST MON CHUV STRAYT CP,https://objectstorage.sa-saopaulo-1.oraclecloud.com/n/grsxg5eatn7l/b/produtos/o/produtos/T37336BR-4-CP.png
T14488BR-3-CP, ACAB VALV TERMOST PURIST CRUZ CP,https://objectstorage.sa-saopaulo-1.oraclecloud.com/n/grsxg5eatn7l/b/produtos/o/produtos/T14488BR-3-CP.png
14381BR-CP, PORTA TOALHA TRIPLO PURIST 610MM CP,https://objectstorage.sa-saopaulo-1.oraclecloud.com/n/grsxg5eatn7l/b/produtos/o/produtos/14381BR-CP.png
14440BR-CP, PRATELEIRA PURIST CP,https://objectstorage.sa-saopaulo-1.oraclecloud.com/n/grsxg5eatn7l/b/produtos/o/produtos/14440BR-CP.png
14441BR-BN, PORTA TOALHA ARGOLA PURIST BN,https://objectstorage.sa-saopaulo-1.oraclecloud.com/n/grsxg5eatn7l/b/produtos/o/produtos/14441BR-BN.png
14441BR-CP, PORTA TOALHA ARGOLA PURIST CP,https://objectstorage.sa-saopaulo-1.oraclecloud.com/n/grsxg5eatn7l/b/produtos/o/produtos/14441BR-CP.png
14441BR-RGD, PORTA TOALHA ARGOLA PURIST RGD,https://objectstorage.sa-saopaulo-1.oraclecloud.com/n/grsxg5eatn7l/b/produtos/o/produtos/14441BR-RGD.png
T7362BR-4-CP, ACAB MIST MON CHUV ALAV PURIST CP,https://objectstorage.sa-saopaulo-1.oraclecloud.com/n/grsxg5eatn7l/b/produtos/o/produtos/T7362BR-4-CP.png
T7362BR-4-RGD, ACAB MIST MON CHUV ALAV PURIST RGD,https://objectstorage.sa-saopaulo-1.oraclecloud.com/n/grsxg5eatn7l/b/produtos/o/produtos/T7362BR-4-RGD.png
T75710BR-4-BN, ACAB REG GAV/PRES ALAV PURIST BN,https://objectstorage.sa-saopaulo-1.oraclecloud.com/n/grsxg5eatn7l/b/produtos/o/produtos/T75710BR-4-BN.png
T75710BR-4-CP, ACAB REG GAV/PRES ALAV PURIST CP,https://objectstorage.sa-saopaulo-1.oraclecloud.com/n/grsxg5eatn7l/b/produtos/o/produtos/T75710BR-4-CP.png
T75710BR-4-RGD, ACAB REG GAV/PRES ALAV RGD,https://objectstorage.sa-saopaulo-1.oraclecloud.com/n/grsxg5eatn7l/b/produtos/o/produtos/T75710BR-4-RGD.png
99448BR-4ND-CP, MIST MON LAV BICA AL KUMIN CP,https://objectstorage.sa-saopaulo-1.oraclecloud.com/n/grsxg5eatn7l/b/produtos/o/produtos/99448BR-4ND-CP.png
597BR-C4-CP, MIST MON COZ DUC REMOV SIMPLICE CP,https://objectstorage.sa-saopaulo-1.oraclecloud.com/n/grsxg5eatn7l/b/produtos/o/produtos/597BR-C4-CP.png
597BR-BL, MIST MON COZ DUC REMOV SIMPLICE BL,https://objectstorage.sa-saopaulo-1.oraclecloud.com/n/grsxg5eatn7l/b/produtos/o/produtos/597BR-BL.png
597BR-C4-VS, MIST MON COZ DUC REMOV SIMPLICE VS,https://objectstorage.sa-saopaulo-1.oraclecloud.com/n/grsxg5eatn7l/b/produtos/o/produtos/597BR-C4-VS.png
77969BR-BN, BICA LAV ROW COMPON BN,https://objectstorage.sa-saopaulo-1.oraclecloud.com/n/grsxg5eatn7l/b/produtos/o/produtos/77969BR-BN.png
77969BR-BL, BICA LAV ROW COMPON BL,https://objectstorage.sa-saopaulo-1.oraclecloud.com/n/grsxg5eatn7l/b/produtos/o/produtos/77969BR-BL.png
77969BR-CP, BICA LAV ROW COMPON CP,https://objectstorage.sa-saopaulo-1.oraclecloud.com/n/grsxg5eatn7l/b/produtos/o/produtos/77969BR-CP.png
77969BR-RGD, BICA LAV ROW COMPON RGD,https://objectstorage.sa-saopaulo-1.oraclecloud.com/n/grsxg5eatn7l/b/produtos/o/produtos/77969BR-RGD.png
99175BR-4-CP, MIST MON COZ BICA REMOV ALEO CP,https://objectstorage.sa-saopaulo-1.oraclecloud.com/n/grsxg5eatn7l/b/produtos/o/produtos/99175BR-4-CP.png
23525BR-CP, PORTA TOALHA BARRA PARALLEL 610MM CP,https://objectstorage.sa-saopaulo-1.oraclecloud.com/n/grsxg5eatn7l/b/produtos/o/produtos/23525BR-CP.png
23525BR-BL,PORTA TOALHA BARRA PARALLEL 610MM BL,https://objectstorage.sa-saopaulo-1.oraclecloud.com/n/grsxg5eatn7l/b/produtos/o/produtos/23525BR-BL.png
23525BR-RGD,PORTA TOALHA BARRA PARALLEL 610MM RGD,https://objectstorage.sa-saopaulo-1.oraclecloud.com/n/grsxg5eatn7l/b/produtos/o/produtos/23525BR-RGD.png
23526BR-CP, TOALHEIRO PARALLEL CP,https://objectstorage.sa-saopaulo-1.oraclecloud.com/n/grsxg5eatn7l/b/produtos/o/produtos/23526BR-CP.png
23526BR-BL, TOALHEIRO PARALLEL BL,https://objectstorage.sa-saopaulo-1.oraclecloud.com/n/grsxg5eatn7l/b/produtos/o/produtos/23526BR-BL.png
23526BR-RGD, TOALHEIRO PARALLEL RGD,https://objectstorage.sa-saopaulo-1.oraclecloud.com/n/grsxg5eatn7l/b/produtos/o/produtos/23526BR-RGD.png
23529BR-CP, CABIDE PARALLEL CP,https://objectstorage.sa-saopaulo-1.oraclecloud.com/n/grsxg5eatn7l/b/produtos/o/produtos/23529BR-CP.png
23529BR-BL, CABIDE PARALLEL BL,https://objectstorage.sa-saopaulo-1.oraclecloud.com/n/grsxg5eatn7l/b/produtos/o/produtos/23529BR-BL.png
23529BR-RGD, CABIDE PARALLEL RGD,https://objectstorage.sa-saopaulo-1.oraclecloud.com/n/grsxg5eatn7l/b/produtos/o/produtos/23529BR-RGD.png
23524BR-CP, PORTA TOALHA BARRA PARALLEL 457MM CP,https://objectstorage.sa-saopaulo-1.oraclecloud.com/n/grsxg5eatn7l/b/produtos/o/produtos/23524BR-CP.png
23524BR-BL,PORTA TOALHA BARRA PARALLEL 457MM BL,https://objectstorage.sa-saopaulo-1.oraclecloud.com/n/grsxg5eatn7l/b/produtos/o/produtos/23524BR-BL.png
23524BR-RGD,PORTA TOALHA BARRA PARALLEL 457MM RGD,https://objectstorage.sa-saopaulo-1.oraclecloud.com/n/grsxg5eatn7l/b/produtos/o/produtos/23524BR-RGD.png
T78027BR-8-BN, ACAB VALV TERMOST COMPON OYL BN,https://objectstorage.sa-saopaulo-1.oraclecloud.com/n/grsxg5eatn7l/b/produtos/o/produtos/T78027BR-8-BN.png
T78027BR-8-BL, ACAB VALV TERMOST COMPON OYL BL,https://objectstorage.sa-saopaulo-1.oraclecloud.com/n/grsxg5eatn7l/b/produtos/o/produtos/T78027BR-8-BL.png
T78027BR-8-CP, ACAB VALV TERMOST COMPON OYL CP,https://objectstorage.sa-saopaulo-1.oraclecloud.com/n/grsxg5eatn7l/b/produtos/o/produtos/T78027BR-8-CP.png
T78027BR-9-BN, ACAB VALV TERMOST COMPON INDUSTRIAL BN,https://objectstorage.sa-saopaulo-1.oraclecloud.com/n/grsxg5eatn7l/b/produtos/o/produtos/T78027BR-9-BN.png
T78027BR-9-BL, ACAB VALV TERMOST COMPON INDUSTRIAL BL,https://objectstorage.sa-saopaulo-1.oraclecloud.com/n/grsxg5eatn7l/b/produtos/o/produtos/T78027BR-9-BL.png
T78027BR-9-CP, ACAB VALV TERMOST COMPON INDUSTRIAL CP,https://objectstorage.sa-saopaulo-1.oraclecloud.com/n/grsxg5eatn7l/b/produtos/o/produtos/T78027BR-9-CP.png
T78026BR-8-BN, ACAB VALV DESV CHUV COMPON OYL BN,https://objectstorage.sa-saopaulo-1.oraclecloud.com/n/grsxg5eatn7l/b/produtos/o/produtos/T78026BR-8-BN.png
T78026BR-8-BL, ACAB VALV DESV CHUV COMPON OYL BL,https://objectstorage.sa-saopaulo-1.oraclecloud.com/n/grsxg5eatn7l/b/produtos/o/produtos/T78026BR-8-BL.png
T78026BR-8-CP, ACAB VALV DESV CHUV COMPON OYL CP,https://objectstorage.sa-saopaulo-1.oraclecloud.com/n/grsxg5eatn7l/b/produtos/o/produtos/T78026BR-8-CP.png
T78026BR-4-BN, ACAB VALV DESV CHUV COMPON LEVER BN,https://objectstorage.sa-saopaulo-1.oraclecloud.com/n/grsxg5eatn7l/b/produtos/o/produtos/T78026BR-4-BN.png
T78026BR-4-BL,ACAB VALV DESV CHUV COMPON LEVER BL,https://objectstorage.sa-saopaulo-1.oraclecloud.com/n/grsxg5eatn7l/b/produtos/o/produtos/T78026BR-4-BL.png
T78026BR-4-CP, ACAB VALV DESV CHUV COMPON LEVER CP,https://objectstorage.sa-saopaulo-1.oraclecloud.com/n/grsxg5eatn7l/b/produtos/o/produtos/T78026BR-4-CP.png
T78025BR-8-BN, ACAB VALV CONTR VOL COMPON OYL BN,https://objectstorage.sa-saopaulo-1.oraclecloud.com/n/grsxg5eatn7l/b/produtos/o/produtos/T78025BR-8-BN.png
T78025BR-8-BL, ACAB VALV CONTR VOL COMPON OYL BL,https://objectstorage.sa-saopaulo-1.oraclecloud.com/n/grsxg5eatn7l/b/produtos/o/produtos/T78025BR-8-BL.png
T78025BR-8-CP, ACAB VALV CONTR VOL COMPON OYL CR,https://objectstorage.sa-saopaulo-1.oraclecloud.com/n/grsxg5eatn7l/b/produtos/o/produtos/T78025BR-8-CP.png
T78025BR-4-BN, ACAB VALV CONTR VOL COMPON LEVER BN,https://objectstorage.sa-saopaulo-1.oraclecloud.com/n/grsxg5eatn7l/b/produtos/o/produtos/T78025BR-4-BN.png
20589BR-4-CP, TORN COZ PAR ALEO CP,https://objectstorage.sa-saopaulo-1.oraclecloud.com/n/grsxg5eatn7l/b/produtos/o/produtos/20589BR-4-CP.png
23527BR-CP, PAPELEIRA VERTICAL PARALLEL CP,https://objectstorage.sa-saopaulo-1.oraclecloud.com/n/grsxg5eatn7l/b/produtos/o/produtos/23527BR-CP.png
T78025BR-9-BN, ACAB VALV CONTR VOL COMPON INDUSTRIAL BN,https://objectstorage.sa-saopaulo-1.oraclecloud.com/n/grsxg5eatn7l/b/produtos/o/produtos/T78025BR-9-BN.png
T78025BR-9-BL, ACAB VALV CONTR VOL COMPON INDUSTRIAL BL,https://objectstorage.sa-saopaulo-1.oraclecloud.com/n/grsxg5eatn7l/b/produtos/o/produtos/T78025BR-9-BL.png
T78025BR-9-CP, ACAB VALV CONTR VOL COMPON INDUSTRIAL CR,https://objectstorage.sa-saopaulo-1.oraclecloud.com/n/grsxg5eatn7l/b/produtos/o/produtos/T78025BR-9-CP.png
T78025BR-4-BN, ACAB VALV CONTR VOL COMPON LEVER BN,https://objectstorage.sa-saopaulo-1.oraclecloud.com/n/grsxg5eatn7l/b/produtos/o/produtos/T78025BR-4-BN.png
T78025BR-4-BL, ACAB VALV CONTR VOL COMPON LEVER BL,https://objectstorage.sa-saopaulo-1.oraclecloud.com/n/grsxg5eatn7l/b/produtos/o/produtos/T78025BR-4-BL.png
T78025BR-4-CP, ACAB VALV CONTR VOL COMPON LEVER CR,https://objectstorage.sa-saopaulo-1.oraclecloud.com/n/grsxg5eatn7l/b/produtos/o/produtos/T78025BR-4-CP.png
T78027BR-9-BL, ACAB VALV TERMOST COMPON INDUSTRIAL BL,https://objectstorage.sa-saopaulo-1.oraclecloud.com/n/grsxg5eatn7l/b/produtos/o/produtos/T78027BR-9-BL.png
T78027BR-4-BN, ACAB VALV TERMOST COMPON LEVER BN,https://objectstorage.sa-saopaulo-1.oraclecloud.com/n/grsxg5eatn7l/b/produtos/o/produtos/T78027BR-4-BN.png
T78027BR-4-BL, ACAB VALV TERMOST COMPON LEVER BL,https://objectstorage.sa-saopaulo-1.oraclecloud.com/n/grsxg5eatn7l/b/produtos/o/produtos/T78027BR-4-BL.png
T78027BR-4-CP, ACAB VALV TERMOST COMPON LEVER CP,https://objectstorage.sa-saopaulo-1.oraclecloud.com/n/grsxg5eatn7l/b/produtos/o/produtos/T78027BR-4-CP.png
T78027BR-4-BL, ACAB VALV TERMOST COMPON LEVER BL,https://objectstorage.sa-saopaulo-1.oraclecloud.com/n/grsxg5eatn7l/b/produtos/o/produtos/T78027BR-4-BL.png
78372BR-BL, PORTA TOALHA BARRA COMPON 457MM BL,https://objectstorage.sa-saopaulo-1.oraclecloud.com/n/grsxg5eatn7l/b/produtos/o/produtos/78372BR-BL.png
78373BR-BL, PORTA TOALHA BARRA COMPON 610MM BL,https://objectstorage.sa-saopaulo-1.oraclecloud.com/n/grsxg5eatn7l/b/produtos/o/produtos/78373BR-BL.png
78377BR-BL, TOALHEIRO COMPON BL,https://objectstorage.sa-saopaulo-1.oraclecloud.com/n/grsxg5eatn7l/b/produtos/o/produtos/78377BR-BL.png
78378BR-BL, CABIDE COMPON BL,https://objectstorage.sa-saopaulo-1.oraclecloud.com/n/grsxg5eatn7l/b/produtos/o/produtos/78378BR-BL.png
78382BR-BL, PAPELEIRA COMPON BL,https://objectstorage.sa-saopaulo-1.oraclecloud.com/n/grsxg5eatn7l/b/produtos/o/produtos/78382BR-BL.png
78382BR-BN, PAPELEIRA COMPON BN,https://objectstorage.sa-saopaulo-1.oraclecloud.com/n/grsxg5eatn7l/b/produtos/o/produtos/78382BR-BN.png
78382BR-BL, PAPELEIRA COMPON BL,https://objectstorage.sa-saopaulo-1.oraclecloud.com/n/grsxg5eatn7l/b/produtos/o/produtos/78382BR-BL.png
78382BR-RGD, PAPELEIRA COMPON RGD,https://objectstorage.sa-saopaulo-1.oraclecloud.com/n/grsxg5eatn7l/b/produtos/o/produtos/78382BR-RGD.png
23484BR-4-CP, MIST LAV BICA BX PARALLEL CP,https://objectstorage.sa-saopaulo-1.oraclecloud.com/n/grsxg5eatn7l/b/produtos/o/produtos/23484BR-4-CP.png
23484BR-4-BL, MIST LAV BICA BX PARALLEL BL,https://objectstorage.sa-saopaulo-1.oraclecloud.com/n/grsxg5eatn7l/b/produtos/o/produtos/23484BR-4-BL.png
23484BR-4-RGD, MIST LAV BICA BX PARALLEL RGD,https://objectstorage.sa-saopaulo-1.oraclecloud.com/n/grsxg5eatn7l/b/produtos/o/produtos/23484BR-4-RGD.png
23484BR-4-BL, MIST LAV BICA BX PARALLEL BL,https://objectstorage.sa-saopaulo-1.oraclecloud.com/n/grsxg5eatn7l/b/produtos/o/produtos/23484BR-4-BL.png
23472BR-4ND-CP, MIST MON LAV BICA BX PARALLEL CP,https://objectstorage.sa-saopaulo-1.oraclecloud.com/n/grsxg5eatn7l/b/produtos/o/produtos/23472BR-4ND-CP.png
23472BR-4ND-BL, MIST MON LAV BICA BX PARALLEL BL,https://objectstorage.sa-saopaulo-1.oraclecloud.com/n/grsxg5eatn7l/b/produtos/o/produtos/23472BR-4ND-BL.png
23472BR-4ND-BN, MIST MON LAV BICA BX PARALLEL BN,https://objectstorage.sa-saopaulo-1.oraclecloud.com/n/grsxg5eatn7l/b/produtos/o/produtos/23472BR-4ND-BN.png
23472BR-4ND-RGD, MIST MON LAV BICA BX PARALLEL RGD,https://objectstorage.sa-saopaulo-1.oraclecloud.com/n/grsxg5eatn7l/b/produtos/o/produtos/23472BR-4ND-RGD.png
23472BR-4ND-BL, MIST MON LAV BICA BX PARALLEL BL,https://objectstorage.sa-saopaulo-1.oraclecloud.com/n/grsxg5eatn7l/b/produtos/o/produtos/23472BR-4ND-BL.png
23475BR-4ND-CP, MIST MON LAV BICA AL PARALLEL CP,https://objectstorage.sa-saopaulo-1.oraclecloud.com/n/grsxg5eatn7l/b/produtos/o/produtos/23475BR-4ND-CP.png
23475BR-4ND-BN, MIST MON LAV BICA AL PARALLEL BN,https://objectstorage.sa-saopaulo-1.oraclecloud.com/n/grsxg5eatn7l/b/produtos/o/produtos/23475BR-4ND-BN.png
23475BR-4ND-BL, MIST MON LAV BICA AL PARALLEL BL,https://objectstorage.sa-saopaulo-1.oraclecloud.com/n/grsxg5eatn7l/b/produtos/o/produtos/23475BR-4ND-BL.png
23475BR-4ND-RGD,MIST MON LAV BICA AL PARALLEL RGD,https://objectstorage.sa-saopaulo-1.oraclecloud.com/n/grsxg5eatn7l/b/produtos/o/produtos/23475BR-4ND-RGD.png
23528BR-BL, PAPELEIRA PARALLEL BL,https://objectstorage.sa-saopaulo-1.oraclecloud.com/n/grsxg5eatn7l/b/produtos/o/produtos/23528BR-BL.png
23528BR-CP, PAPELEIRA PARALLEL CP,https://objectstorage.sa-saopaulo-1.oraclecloud.com/n/grsxg5eatn7l/b/produtos/o/produtos/23528BR-CP.png
23528BR-BL, PAPELEIRA PARALLEL BL,https://objectstorage.sa-saopaulo-1.oraclecloud.com/n/grsxg5eatn7l/b/produtos/o/produtos/23528BR-BL.png
23528BR-RGD, PAPELEIRA PARALLEL RGD,https://objectstorage.sa-saopaulo-1.oraclecloud.com/n/grsxg5eatn7l/b/produtos/o/produtos/23528BR-RGD.png
74013BR-B4ND-BL, MIST MON LAV BICA BX TAUT BL,https://objectstorage.sa-saopaulo-1.oraclecloud.com/n/grsxg5eatn7l/b/produtos/o/produtos/74013BR-B4ND-BL.png
74026BR-B4ND-BL, MIST MON LAV BICA AL TAUT BL,https://objectstorage.sa-saopaulo-1.oraclecloud.com/n/grsxg5eatn7l/b/produtos/o/produtos/74026BR-B4ND-BL.png
27286BR-BL, PORTA TOALHA BARRA ELATE 457MM BL,https://objectstorage.sa-saopaulo-1.oraclecloud.com/n/grsxg5eatn7l/b/produtos/o/produtos/27286BR-BL.png
27287BR-BL, PORTA TOALHA BARRA ELATE 610MM BL,https://objectstorage.sa-saopaulo-1.oraclecloud.com/n/grsxg5eatn7l/b/produtos/o/produtos/27287BR-BL.png
27290BR-BL, CABIDE ELATE BL,https://objectstorage.sa-saopaulo-1.oraclecloud.com/n/grsxg5eatn7l/b/produtos/o/produtos/27290BR-BL.png
27291BR-BL, TOALHEIRO ELATE BL,https://objectstorage.sa-saopaulo-1.oraclecloud.com/n/grsxg5eatn7l/b/produtos/o/produtos/27291BR-BL.png
27291BR-CP, TOALHEIRO ELATE CP,https://objectstorage.sa-saopaulo-1.oraclecloud.com/n/grsxg5eatn7l/b/produtos/o/produtos/27291BR-CP.png
27292BR-BL, PAPELEIRA ELATE BL,https://objectstorage.sa-saopaulo-1.oraclecloud.com/n/grsxg5eatn7l/b/produtos/o/produtos/27292BR-BL.png
27292BR-CP, PAPELEIRA ELATE CP,https://objectstorage.sa-saopaulo-1.oraclecloud.com/n/grsxg5eatn7l/b/produtos/o/produtos/27292BR-CP.png
23284BR-BL, PORTA TOALHA BARRA SQUARE 457MM BL,https://objectstorage.sa-saopaulo-1.oraclecloud.com/n/grsxg5eatn7l/b/produtos/o/produtos/23284BR-BL.png
23285BR-BL, PORTA TOALHA BARRA SQUARE 610MM BL,https://objectstorage.sa-saopaulo-1.oraclecloud.com/n/grsxg5eatn7l/b/produtos/o/produtos/23285BR-BL.png
23290BR-BL, CABIDE SQUARE BL,https://objectstorage.sa-saopaulo-1.oraclecloud.com/n/grsxg5eatn7l/b/produtos/o/produtos/23290BR-BL.png
23291BR-BL, TOALHEIRO SQUARE BL,https://objectstorage.sa-saopaulo-1.oraclecloud.com/n/grsxg5eatn7l/b/produtos/o/produtos/23291BR-BL.png
23292BR-BL, PAPELEIRA SQUARE BL,https://objectstorage.sa-saopaulo-1.oraclecloud.com/n/grsxg5eatn7l/b/produtos/o/produtos/23292BR-BL.png
939BR-G-BN, CHUV RED S/T PURIST 140MM BN,https://objectstorage.sa-saopaulo-1.oraclecloud.com/n/grsxg5eatn7l/b/produtos/o/produtos/939BR-G-BN.png
939BR-G-BL, CHUV RED S/T PURIST 140MM BL,https://objectstorage.sa-saopaulo-1.oraclecloud.com/n/grsxg5eatn7l/b/produtos/o/produtos/939BR-G-BL.png
939BR-G-CP, CHUV RED S/T PURIST 140MM CP,https://objectstorage.sa-saopaulo-1.oraclecloud.com/n/grsxg5eatn7l/b/produtos/o/produtos/939BR-G-CP.png
939BR-G-RGD, CHUV RED S/T PURIST 140MM RGD,https://objectstorage.sa-saopaulo-1.oraclecloud.com/n/grsxg5eatn7l/b/produtos/o/produtos/939BR-G-RGD.png
22170BR-BN, CHUV RED  S/T PURIST MULT 138MM BN,https://objectstorage.sa-saopaulo-1.oraclecloud.com/n/grsxg5eatn7l/b/produtos/o/produtos/22170BR-BN.png
22170BR-BL, CHUV RED  S/T PURIST MULT 138MM BL,https://objectstorage.sa-saopaulo-1.oraclecloud.com/n/grsxg5eatn7l/b/produtos/o/produtos/22170BR-BL.png
22170BR-CP, CHUV RED  S/T PURIST MULT 138MM CP,https://objectstorage.sa-saopaulo-1.oraclecloud.com/n/grsxg5eatn7l/b/produtos/o/produtos/22170BR-CP.png
22170BR-RGD, CHUV RED  S/T PURIST MULT 138MM RGD,https://objectstorage.sa-saopaulo-1.oraclecloud.com/n/grsxg5eatn7l/b/produtos/o/produtos/22170BR-RGD.png
18361BR-CL-BL, CHUV QUAD TETO S/T CONT KTLT 254MM BL,https://objectstorage.sa-saopaulo-1.oraclecloud.com/n/grsxg5eatn7l/b/produtos/o/produtos/18361BR-CL-BL.png
18359BR-CL-BL, CHUV RED TETO S/T CONT KTLT 254MM BL,https://objectstorage.sa-saopaulo-1.oraclecloud.com/n/grsxg5eatn7l/b/produtos/o/produtos/18359BR-CL-BL.png
18360BR-CL-BL, CHUV QUAD TETO S/T CONT KTLT 203MM BL,https://objectstorage.sa-saopaulo-1.oraclecloud.com/n/grsxg5eatn7l/b/produtos/o/produtos/18360BR-CL-BL.png
18358BR-CL-BL, CHUV RED TETO S/T CONT KTLT 203MM BL,https://objectstorage.sa-saopaulo-1.oraclecloud.com/n/grsxg5eatn7l/b/produtos/o/produtos/18358BR-CL-BL.png
15396BR-B-BL, TUBO CHUV PAR 383MM BL,https://objectstorage.sa-saopaulo-1.oraclecloud.com/n/grsxg5eatn7l/b/produtos/o/produtos/15396BR-B-BL.png
21335BR-BN, DUC MAN RED SHIFT PLUS BN,https://objectstorage.sa-saopaulo-1.oraclecloud.com/n/grsxg5eatn7l/b/produtos/o/produtos/21335BR-BN.png
21335BR-BL, DUC MAN RED SHIFT PLUS BL,https://objectstorage.sa-saopaulo-1.oraclecloud.com/n/grsxg5eatn7l/b/produtos/o/produtos/21335BR-BL.png
21335BR-CP, DUC MAN RED SHIFT PLUS CP,https://objectstorage.sa-saopaulo-1.oraclecloud.com/n/grsxg5eatn7l/b/produtos/o/produtos/21335BR-CP.png
21335BR-RGD, DUC MAN RED SHIFT PLUS RGD,https://objectstorage.sa-saopaulo-1.oraclecloud.com/n/grsxg5eatn7l/b/produtos/o/produtos/21335BR-RGD.png
21335BR-BL, DUC MAN RED SHIFT PLUS BL,https://objectstorage.sa-saopaulo-1.oraclecloud.com/n/grsxg5eatn7l/b/produtos/o/produtos/21335BR-BL.png
22166BR-G-CP, DUC MAN MULTIF PURIST 284MM CP,https://objectstorage.sa-saopaulo-1.oraclecloud.com/n/grsxg5eatn7l/b/produtos/o/produtos/22166BR-G-CP.png
22166BR-G-BN, DUC MAN MULTIF PURIST 284MM BN,https://objectstorage.sa-saopaulo-1.oraclecloud.com/n/grsxg5eatn7l/b/produtos/o/produtos/22166BR-G-BN.png
22166BR-G-BL, DUC MAN MULTIF PURIST 284MM BL,https://objectstorage.sa-saopaulo-1.oraclecloud.com/n/grsxg5eatn7l/b/produtos/o/produtos/22166BR-G-BL.png
22166BR-G-RGD, DUC MAN MULTIF PURIST 284MM RGD,https://objectstorage.sa-saopaulo-1.oraclecloud.com/n/grsxg5eatn7l/b/produtos/o/produtos/22166BR-G-RGD.png
22166BR-G-BL, DUC MAN MULTIF PURIST 284MM BL,https://objectstorage.sa-saopaulo-1.oraclecloud.com/n/grsxg5eatn7l/b/produtos/o/produtos/22166BR-G-BL.png
11627BR-BL, CONEXAO DE PAR QUAD BL,https://objectstorage.sa-saopaulo-1.oraclecloud.com/n/grsxg5eatn7l/b/produtos/o/produtos/11627BR-BL.png
8524BR-CP, BARRA DESLIZANTE CONT 762MM CP,https://objectstorage.sa-saopaulo-1.oraclecloud.com/n/grsxg5eatn7l/b/produtos/o/produtos/8524BR-CP.png
8524BR-BL, BARRA DESLIZANTE CONT 762MM BL,https://objectstorage.sa-saopaulo-1.oraclecloud.com/n/grsxg5eatn7l/b/produtos/o/produtos/8524BR-BL.png
8524BR-RGD, BARRA DESLIZANTE CONT 762MM RGD,https://objectstorage.sa-saopaulo-1.oraclecloud.com/n/grsxg5eatn7l/b/produtos/o/produtos/8524BR-RGD.png
8524BR-BN, BARRA DESLIZANTE CONT 762MM BN,https://objectstorage.sa-saopaulo-1.oraclecloud.com/n/grsxg5eatn7l/b/produtos/o/produtos/8524BR-BN.png
8524BR-BL, BARRA DESLIZANTE CONT 762MM BL,https://objectstorage.sa-saopaulo-1.oraclecloud.com/n/grsxg5eatn7l/b/produtos/o/produtos/8524BR-BL.png
98341BR-BL, BARRA DESLIZANTE AWAKEN 610MM BL,https://objectstorage.sa-saopaulo-1.oraclecloud.com/n/grsxg5eatn7l/b/produtos/o/produtos/98341BR-BL.png
78102BR-BL," VALV ESCOAM G7/8"" BL",https://objectstorage.sa-saopaulo-1.oraclecloud.com/n/grsxg5eatn7l/b/produtos/o/produtos/78102BR-BL.png
98347BR-BL, SUPORTE PAR P DUC MAN AWAKENBL,https://objectstorage.sa-saopaulo-1.oraclecloud.com/n/grsxg5eatn7l/b/produtos/o/produtos/98347BR-BL.png
98347BR-BL, SUPORTE PAR P DUC MAN AWAKENBL,https://objectstorage.sa-saopaulo-1.oraclecloud.com/n/grsxg5eatn7l/b/produtos/o/produtos/98347BR-BL.png
98347BR-BN, SUPORTE PAR P DUC MAN AWAKENBN,https://objectstorage.sa-saopaulo-1.oraclecloud.com/n/grsxg5eatn7l/b/produtos/o/produtos/98347BR-BN.png
98347BR-CP, SUPORTE PAR P DUC MAN AWAKENCP,https://objectstorage.sa-saopaulo-1.oraclecloud.com/n/grsxg5eatn7l/b/produtos/o/produtos/98347BR-CP.png
99482BR-4-CP, TORN COZ PAR KUMIM CP,https://objectstorage.sa-saopaulo-1.oraclecloud.com/n/grsxg5eatn7l/b/produtos/o/produtos/99482BR-4-CP.png
T73133BR-4-BL, ACAB VALV TERMOST COMPOSED ALAV BL,https://objectstorage.sa-saopaulo-1.oraclecloud.com/n/grsxg5eatn7l/b/produtos/o/produtos/T73133BR-4-BL.png
77959BR-4AND-BL, MIST MON LAV BICA AL COMPON BL,https://objectstorage.sa-saopaulo-1.oraclecloud.com/n/grsxg5eatn7l/b/produtos/o/produtos/77959BR-4AND-BL.png
77967BR-BL, BICA LAV TUBE COMPON BL,https://objectstorage.sa-saopaulo-1.oraclecloud.com/n/grsxg5eatn7l/b/produtos/o/produtos/77967BR-BL.png
77968BR-BL, BICA LAV RIBBON COMPON BL,https://objectstorage.sa-saopaulo-1.oraclecloud.com/n/grsxg5eatn7l/b/produtos/o/produtos/77968BR-BL.png
77990BR-4-BL, ALAV MIST LAV LEVER COMPON BL,https://objectstorage.sa-saopaulo-1.oraclecloud.com/n/grsxg5eatn7l/b/produtos/o/produtos/77990BR-4-BL.png
77990BR-8-BL, ALAV MIST LAV OYL COMPON BL,https://objectstorage.sa-saopaulo-1.oraclecloud.com/n/grsxg5eatn7l/b/produtos/o/produtos/77990BR-8-BL.png
77990BR-9-BL, ALAV MIST LAV INDUSTRIAL COMPON BL,https://objectstorage.sa-saopaulo-1.oraclecloud.com/n/grsxg5eatn7l/b/produtos/o/produtos/77990BR-9-BL.png
77963BR-8A-BL, MIST MON LAV COMPON ROCKER BL,https://objectstorage.sa-saopaulo-1.oraclecloud.com/n/grsxg5eatn7l/b/produtos/o/produtos/77963BR-8A-BL.png
98068BR-4-CP, ALAV MIST LAV ARTIFACTS CP,https://objectstorage.sa-saopaulo-1.oraclecloud.com/n/grsxg5eatn7l/b/produtos/o/produtos/98068BR-4-CP.png
72762BR-9M-CP, MIST MON LAV BICA BX ARTIFACTS CP,https://objectstorage.sa-saopaulo-1.oraclecloud.com/n/grsxg5eatn7l/b/produtos/o/produtos/72762BR-9M-CP.png
76967BR-4-CP, ACAB MIST MON CHUV ARTIFACTS CP,https://objectstorage.sa-saopaulo-1.oraclecloud.com/n/grsxg5eatn7l/b/produtos/o/produtos/76967BR-4-CP.png
72568BR-CP, PORTA TOALHA BARRA ARTIFACTS 610MM CP,https://objectstorage.sa-saopaulo-1.oraclecloud.com/n/grsxg5eatn7l/b/produtos/o/produtos/72568BR-CP.png
72571BR-CP, PORTA TOALHA ARGOLA ARTIFACTS CP,https://objectstorage.sa-saopaulo-1.oraclecloud.com/n/grsxg5eatn7l/b/produtos/o/produtos/72571BR-CP.png
72572BR-CP, CABIDE DUPLO ARTIFACTS CP,https://objectstorage.sa-saopaulo-1.oraclecloud.com/n/grsxg5eatn7l/b/produtos/o/produtos/72572BR-CP.png
72573BR-CP, PAPELEIRA CLÁSSICA ARTIFACTS CP,https://objectstorage.sa-saopaulo-1.oraclecloud.com/n/grsxg5eatn7l/b/produtos/o/produtos/72573BR-CP.png
77969BR-BL, BICA LAV ROW COMPON BL,https://objectstorage.sa-saopaulo-1.oraclecloud.com/n/grsxg5eatn7l/b/produtos/o/produtos/77969BR-BL.png
T73135BR-4-BL,ACAB VALV CONTR VOL ALAV COMPOSED BL,https://objectstorage.sa-saopaulo-1.oraclecloud.com/n/grsxg5eatn7l/b/produtos/o/produtos/T73135BR-4-BL.png
T78027BR-8-BL, ACAB VALV TERMOST COMPON OYL BL,https://objectstorage.sa-saopaulo-1.oraclecloud.com/n/grsxg5eatn7l/b/produtos/o/produtos/T78027BR-8-BL.png
939BR-G-BL, CHUV RED S/T PURIST 140MM BL,https://objectstorage.sa-saopaulo-1.oraclecloud.com/n/grsxg5eatn7l/b/produtos/o/produtos/939BR-G-BL.png
24805BR-CP, CHUV QUAD S/T PARALLEL 127MM CP,https://objectstorage.sa-saopaulo-1.oraclecloud.com/n/grsxg5eatn7l/b/produtos/o/produtos/24805BR-CP.png
24805BR-BL, CHUV QUAD S/T PARALLEL 127MM BL,https://objectstorage.sa-saopaulo-1.oraclecloud.com/n/grsxg5eatn7l/b/produtos/o/produtos/24805BR-BL.png
24805BR-RGD, CHUV QUAD S/T PARALLEL 127MM RGD,https://objectstorage.sa-saopaulo-1.oraclecloud.com/n/grsxg5eatn7l/b/produtos/o/produtos/24805BR-RGD.png
24805BR-BL, CHUV QUAD S/T PARALLEL 127MM BL,https://objectstorage.sa-saopaulo-1.oraclecloud.com/n/grsxg5eatn7l/b/produtos/o/produtos/24805BR-BL.png
7124BR-A-BL, VALV ESCOAM CLICK C LADRAO BL,https://objectstorage.sa-saopaulo-1.oraclecloud.com/n/grsxg5eatn7l/b/produtos/o/produtos/7124BR-A-BL.png
7124BR-BL, VALV ESCOAM CLICK S LADRAO BL,https://objectstorage.sa-saopaulo-1.oraclecloud.com/n/grsxg5eatn7l/b/produtos/o/produtos/7124BR-BL.png
22036BR-CP, SIMPLICE - MON COZINHA TOUCHLESS CP,https://objectstorage.sa-saopaulo-1.oraclecloud.com/n/grsxg5eatn7l/b/produtos/o/produtos/22036BR-CP.png
22036BR-BL, SIMPLICE - MON COZINHA TOUCHLESS BL,https://objectstorage.sa-saopaulo-1.oraclecloud.com/n/grsxg5eatn7l/b/produtos/o/produtos/22036BR-BL.png
22036BR-VS, SIMPLICE - MON COZINHA TOUCHLESS VS,https://objectstorage.sa-saopaulo-1.oraclecloud.com/n/grsxg5eatn7l/b/produtos/o/produtos/22036BR-VS.png
99259BR-CP, ARTIFACTS - MIST MON COZ DUC REMOV CP,https://objectstorage.sa-saopaulo-1.oraclecloud.com/n/grsxg5eatn7l/b/produtos/o/produtos/99259BR-CP.png
22973BR-CP, Crue MON SEMI PROFISSIONAL COZINHA CP,https://objectstorage.sa-saopaulo-1.oraclecloud.com/n/grsxg5eatn7l/b/produtos/o/produtos/22973BR-CP.png
22973BR-BL, Crue MON SEMI PROFISSIONAL COZINHA BL,https://objectstorage.sa-saopaulo-1.oraclecloud.com/n/grsxg5eatn7l/b/produtos/o/produtos/22973BR-BL.png
22973BR-VS, Crue MON SEMI PROFISSIONAL COZINHA VS,https://objectstorage.sa-saopaulo-1.oraclecloud.com/n/grsxg5eatn7l/b/produtos/o/produtos/22973BR-VS.png
22975BR-CP, Crue MIST MON COZ CP,https://objectstorage.sa-saopaulo-1.oraclecloud.com/n/grsxg5eatn7l/b/produtos/o/produtos/22975BR-CP.png
22975BR-BL, Crue MIST MON COZ BL,https://objectstorage.sa-saopaulo-1.oraclecloud.com/n/grsxg5eatn7l/b/produtos/o/produtos/22975BR-BL.png
22975BR-VS, Crue MIST MON COZ VS,https://objectstorage.sa-saopaulo-1.oraclecloud.com/n/grsxg5eatn7l/b/produtos/o/produtos/22975BR-VS.png
22972BR-CP, Crue MIST MON COZ DUC REMOV CP,https://objectstorage.sa-saopaulo-1.oraclecloud.com/n/grsxg5eatn7l/b/produtos/o/produtos/22972BR-CP.png
22972BR-VS, Crue MIST MON COZ DUC REMOV VS,https://objectstorage.sa-saopaulo-1.oraclecloud.com/n/grsxg5eatn7l/b/produtos/o/produtos/22972BR-VS.png
22972BR-BL, Crue MIST MON COZ DUC REMOV BL,https://objectstorage.sa-saopaulo-1.oraclecloud.com/n/grsxg5eatn7l/b/produtos/o/produtos/22972BR-BL.png
22033BR-BL, SIMPLICE - MON SEMI PROFISSIONAL COZINHA BL,https://objectstorage.sa-saopaulo-1.oraclecloud.com/n/grsxg5eatn7l/b/produtos/o/produtos/22033BR-BL.png
22036BR-BL, SIMPLICE - MON COZINHA TOUCHLESS BL,https://objectstorage.sa-saopaulo-1.oraclecloud.com/n/grsxg5eatn7l/b/produtos/o/produtos/22036BR-BL.png
597BR-BL, MIST MON COZ DUC REMOV SIMPLICE BL,https://objectstorage.sa-saopaulo-1.oraclecloud.com/n/grsxg5eatn7l/b/produtos/o/produtos/597BR-BL.png
22034BR-CP, SIMPLICE MIST MON COZ CP,https://objectstorage.sa-saopaulo-1.oraclecloud.com/n/grsxg5eatn7l/b/produtos/o/produtos/22034BR-CP.png
22034BR-BL, SIMPLICE MIST MON COZ BL,https://objectstorage.sa-saopaulo-1.oraclecloud.com/n/grsxg5eatn7l/b/produtos/o/produtos/22034BR-BL.png
22034BR-VS, SIMPLICE MIST MON COZ VS,https://objectstorage.sa-saopaulo-1.oraclecloud.com/n/grsxg5eatn7l/b/produtos/o/produtos/22034BR-VS.png
27339BR-K-NA," BASE REGISTRO GAVETA 3/4""",https://objectstorage.sa-saopaulo-1.oraclecloud.com/n/grsxg5eatn7l/b/produtos/o/produtos/27339BR-K-NA.png
27340BR-K-NA," BASE REGISTRO PRESSÃO 3/4""",https://objectstorage.sa-saopaulo-1.oraclecloud.com/n/grsxg5eatn7l/b/produtos/o/produtos/27340BR-K-NA.png
T73135BR-4-CP,ACAB VALV CONTR VOL ALAV COMPOSED CP,https://objectstorage.sa-saopaulo-1.oraclecloud.com/n/grsxg5eatn7l/b/produtos/o/produtos/T73135BR-4-CP.png
T73135BR-4-TT,ACAB VALV CONTR VOL ALAV COMPOSED TT,https://objectstorage.sa-saopaulo-1.oraclecloud.com/n/grsxg5eatn7l/b/produtos/o/produtos/T73135BR-4-TT.png
T73135BR-4-BL,ACAB VALV CONTR VOL ALAV COMPOSED BL,https://objectstorage.sa-saopaulo-1.oraclecloud.com/n/grsxg5eatn7l/b/produtos/o/produtos/T73135BR-4-BL.png
T73140BR-4-BL, ACAB VALV DESV CHUV ALAV COMPOSED BL,https://objectstorage.sa-saopaulo-1.oraclecloud.com/n/grsxg5eatn7l/b/produtos/o/produtos/T73140BR-4-BL.png
T73140BR-4-CP, ACAB VALV DESV CHUV ALAV COMPOSED CP,https://objectstorage.sa-saopaulo-1.oraclecloud.com/n/grsxg5eatn7l/b/produtos/o/produtos/T73140BR-4-CP.png
T73140BR-4-TT, ACAB VALV DESV CHUV ALAV COMPOSED TT,https://objectstorage.sa-saopaulo-1.oraclecloud.com/n/grsxg5eatn7l/b/produtos/o/produtos/T73140BR-4-TT.png
T73140BR-4-BL, ACAB VALV DESV CHUV ALAV COMPOSED BL,https://objectstorage.sa-saopaulo-1.oraclecloud.com/n/grsxg5eatn7l/b/produtos/o/produtos/T73140BR-4-BL.png
T78026BR-9-BL, ACAB VALV DESV CHUV COMPON INDUSTRIAL BL,https://objectstorage.sa-saopaulo-1.oraclecloud.com/n/grsxg5eatn7l/b/produtos/o/produtos/T78026BR-9-BL.png
T78026BR-8-BL, ACAB VALV DESV CHUV COMPON OYL BL,https://objectstorage.sa-saopaulo-1.oraclecloud.com/n/grsxg5eatn7l/b/produtos/o/produtos/T78026BR-8-BL.png
T78026BR-4-BL,ACAB VALV DESV CHUV COMPON LEVER BL,https://objectstorage.sa-saopaulo-1.oraclecloud.com/n/grsxg5eatn7l/b/produtos/o/produtos/T78026BR-4-BL.png
T78025BR-8-BL, ACAB VALV CONTR VOL COMPON OYL BL,https://objectstorage.sa-saopaulo-1.oraclecloud.com/n/grsxg5eatn7l/b/produtos/o/produtos/T78025BR-8-BL.png
T78025BR-9-BL, ACAB VALV CONTR VOL COMPON INDUSTRIAL BL,https://objectstorage.sa-saopaulo-1.oraclecloud.com/n/grsxg5eatn7l/b/produtos/o/produtos/T78025BR-9-BL.png
74028BR-4ND-CP, TORN LAV BICA BX TAUT CP,https://objectstorage.sa-saopaulo-1.oraclecloud.com/n/grsxg5eatn7l/b/produtos/o/produtos/74028BR-4ND-CP.png
74028BR-4ND-BL, TORN LAV BICA BX TAUT BL,https://objectstorage.sa-saopaulo-1.oraclecloud.com/n/grsxg5eatn7l/b/produtos/o/produtos/74028BR-4ND-BL.png
77364BR-CP, DUCHA HIGIEN.LUXE CP,https://objectstorage.sa-saopaulo-1.oraclecloud.com/n/grsxg5eatn7l/b/produtos/o/produtos/77364BR-CP.png
77364BR-BN, DUCHA HIGIEN.LUXE BN,https://objectstorage.sa-saopaulo-1.oraclecloud.com/n/grsxg5eatn7l/b/produtos/o/produtos/77364BR-BN.png
77364BR-BL, DUCHA HIGIEN.LUXE BL,https://objectstorage.sa-saopaulo-1.oraclecloud.com/n/grsxg5eatn7l/b/produtos/o/produtos/77364BR-BL.png
77364BR-RGD, DUCHA HIGIEN.LUXE RGD,https://objectstorage.sa-saopaulo-1.oraclecloud.com/n/grsxg5eatn7l/b/produtos/o/produtos/77364BR-RGD.png
T76966BR-4-CP, ACAB MIST MON CHUV/BANH ARTIFACTS CP,https://objectstorage.sa-saopaulo-1.oraclecloud.com/n/grsxg5eatn7l/b/produtos/o/produtos/T76966BR-4-CP.png
73060BR-4-BL,MIST LAV BICA BX ALAV COMPOSED BL,https://objectstorage.sa-saopaulo-1.oraclecloud.com/n/grsxg5eatn7l/b/produtos/o/produtos/73060BR-4-BL.png
77958BR-4AND-BL, MIST MON LAV BICA BX COMPON BL,https://objectstorage.sa-saopaulo-1.oraclecloud.com/n/grsxg5eatn7l/b/produtos/o/produtos/77958BR-4AND-BL.png
23492BR-4-CP,MIST MON BANH ALAV PISO PARALLEL CP,https://objectstorage.sa-saopaulo-1.oraclecloud.com/n/grsxg5eatn7l/b/produtos/o/produtos/23492BR-4-CP.png
23492BR-4-BN,MIST MON BANH ALAV PISO PARALLEL BN,https://objectstorage.sa-saopaulo-1.oraclecloud.com/n/grsxg5eatn7l/b/produtos/o/produtos/23492BR-4-BN.png
23492BR-4-BL,MIST MON BANH ALAV PISO PARALLEL BL,https://objectstorage.sa-saopaulo-1.oraclecloud.com/n/grsxg5eatn7l/b/produtos/o/produtos/23492BR-4-BL.png
23492BR-4-RGD,MIST MON BANH ALAV PISO PARALLEL RGD,https://objectstorage.sa-saopaulo-1.oraclecloud.com/n/grsxg5eatn7l/b/produtos/o/produtos/23492BR-4-RGD.png
23492BR-4-BL,MIST MON BANH ALAV PISO PARALLEL BL,https://objectstorage.sa-saopaulo-1.oraclecloud.com/n/grsxg5eatn7l/b/produtos/o/produtos/23492BR-4-BL.png
23524BR-BL,PORTA TOALHA BARRA PARALLEL 457MM BL,https://objectstorage.sa-saopaulo-1.oraclecloud.com/n/grsxg5eatn7l/b/produtos/o/produtos/23524BR-BL.png
23525BR-BL,PORTA TOALHA BARRA PARALLEL 610MM BL,https://objectstorage.sa-saopaulo-1.oraclecloud.com/n/grsxg5eatn7l/b/produtos/o/produtos/23525BR-BL.png
27479BR-4ND-CP,MIST MON LAV BICA BX FORE ARC CP,https://objectstorage.sa-saopaulo-1.oraclecloud.com/n/grsxg5eatn7l/b/produtos/o/produtos/27479BR-4ND-CP.png
27486BR-4-CP,TORN LAV BICA BX FORE ARC CP,https://objectstorage.sa-saopaulo-1.oraclecloud.com/n/grsxg5eatn7l/b/produtos/o/produtos/27486BR-4-CP.png
27480BR-4ND-CP, MIST MON LAV BICA AL FORE LINE CP,https://objectstorage.sa-saopaulo-1.oraclecloud.com/n/grsxg5eatn7l/b/produtos/o/produtos/27480BR-4ND-CP.png
27478BR-4ND-CP, MIST MON LAV BICA BX FORE LINE CP,https://objectstorage.sa-saopaulo-1.oraclecloud.com/n/grsxg5eatn7l/b/produtos/o/produtos/27478BR-4ND-CP.png
27485BR-4-CP, TORN LAV BICA BX FORE LINE CP,https://objectstorage.sa-saopaulo-1.oraclecloud.com/n/grsxg5eatn7l/b/produtos/o/produtos/27485BR-4-CP.png
7314BR-CP, SIFÃO PARA LAVATÓRIO CP,https://objectstorage.sa-saopaulo-1.oraclecloud.com/n/grsxg5eatn7l/b/produtos/o/produtos/7314BR-CP.png
7314BR-BL, SIFÃO PARA LAVATÓRIO BL,https://objectstorage.sa-saopaulo-1.oraclecloud.com/n/grsxg5eatn7l/b/produtos/o/produtos/7314BR-BL.png
7314BR-BN, SIFÃO PARA LAVATÓRIO BN,https://objectstorage.sa-saopaulo-1.oraclecloud.com/n/grsxg5eatn7l/b/produtos/o/produtos/7314BR-BN.png
7314BR-RGD, SIFÃO PARA LAVATÓRIO RGD,https://objectstorage.sa-saopaulo-1.oraclecloud.com/n/grsxg5eatn7l/b/produtos/o/produtos/7314BR-RGD.png
22170BR-BL, CHUV RED  S/T PURIST MULT 138MM BL,https://objectstorage.sa-saopaulo-1.oraclecloud.com/n/grsxg5eatn7l/b/produtos/o/produtos/22170BR-BL.png
16381BR-BL, CONEXAO DE PAR RED BL,https://objectstorage.sa-saopaulo-1.oraclecloud.com/n/grsxg5eatn7l/b/produtos/o/produtos/16381BR-BL.png
11628BR-BL," FLEX LISO P DUC MAN 1,5M BL",https://objectstorage.sa-saopaulo-1.oraclecloud.com/n/grsxg5eatn7l/b/produtos/o/produtos/11628BR-BL.png
76372BR-4-CP, CARAFE - MIST MON COZ PARA FILTRO CP,https://objectstorage.sa-saopaulo-1.oraclecloud.com/n/grsxg5eatn7l/b/produtos/o/produtos/76372BR-4-CP.png
22975BR-BL, Crue MIST MON COZ BL,https://objectstorage.sa-saopaulo-1.oraclecloud.com/n/grsxg5eatn7l/b/produtos/o/produtos/22975BR-BL.png
73158BR-4ND-BL, MIST MON LAV BICA BX COMPOSED TT,https://objectstorage.sa-saopaulo-1.oraclecloud.com/n/grsxg5eatn7l/b/produtos/o/produtos/73158BR-4ND-BL.png
23526BR-BL, TOALHEIRO PARALLEL BL,https://objectstorage.sa-saopaulo-1.oraclecloud.com/n/grsxg5eatn7l/b/produtos/o/produtos/23526BR-BL.png
23529BR-BL, CABIDE PARALLEL BL,https://objectstorage.sa-saopaulo-1.oraclecloud.com/n/grsxg5eatn7l/b/produtos/o/produtos/23529BR-BL.png
22974BR-CP, CRUE - MON COZINHA TOUCHLESS CP,https://objectstorage.sa-saopaulo-1.oraclecloud.com/n/grsxg5eatn7l/b/produtos/o/produtos/22974BR-CP.png
22974BR-BL, CRUE - MON COZINHA TOUCHLESS BL,https://objectstorage.sa-saopaulo-1.oraclecloud.com/n/grsxg5eatn7l/b/produtos/o/produtos/22974BR-BL.png
22974BR-VS, CRUE - MON COZINHA TOUCHLESS VS,https://objectstorage.sa-saopaulo-1.oraclecloud.com/n/grsxg5eatn7l/b/produtos/o/produtos/22974BR-VS.png
22974BR-BL, CRUE - MON COZINHA TOUCHLESS BL,https://objectstorage.sa-saopaulo-1.oraclecloud.com/n/grsxg5eatn7l/b/produtos/o/produtos/22974BR-BL.png
24982BR-CP, PURIST - MON SEMI PROFISSIONAL COZINHA,https://objectstorage.sa-saopaulo-1.oraclecloud.com/n/grsxg5eatn7l/b/produtos/o/produtos/24982BR-CP.png
22973BR-BL, Crue MON SEMI PROFISSIONAL COZINHA BL,https://objectstorage.sa-saopaulo-1.oraclecloud.com/n/grsxg5eatn7l/b/produtos/o/produtos/22973BR-BL.png
22034BR-BL, SIMPLICE MIST MON COZ BL,https://objectstorage.sa-saopaulo-1.oraclecloud.com/n/grsxg5eatn7l/b/produtos/o/produtos/22034BR-BL.png
T78018BR-4-BL, ACAB MIST MON CHUV COMPON BL,https://objectstorage.sa-saopaulo-1.oraclecloud.com/n/grsxg5eatn7l/b/produtos/o/produtos/T78018BR-4-BL.png
T78019BR-4-BL, ACAB MIST MON CHUV/BANH COMPON BL,https://objectstorage.sa-saopaulo-1.oraclecloud.com/n/grsxg5eatn7l/b/produtos/o/produtos/T78019BR-4-BL.png
T78026BR-9-BN, ACAB VALV DESV CHUV COMPON INDUSTRIAL BN,https://objectstorage.sa-saopaulo-1.oraclecloud.com/n/grsxg5eatn7l/b/produtos/o/produtos/T78026BR-9-BN.png
T78026BR-9-BL, ACAB VALV DESV CHUV COMPON INDUSTRIAL BL,https://objectstorage.sa-saopaulo-1.oraclecloud.com/n/grsxg5eatn7l/b/produtos/o/produtos/T78026BR-9-BL.png
T78026BR-9-CP, ACAB VALV DESV CHUV COMPON INDUSTRIAL CP,https://objectstorage.sa-saopaulo-1.oraclecloud.com/n/grsxg5eatn7l/b/produtos/o/produtos/T78026BR-9-CP.png
T23897BR-8-RGD, ACAB REG GAV/PRES OYL COMPON RGD,https://objectstorage.sa-saopaulo-1.oraclecloud.com/n/grsxg5eatn7l/b/produtos/o/produtos/T23897BR-8-RGD.png
T23897BR-4-BN, ACAB REG GAV/PRES LEVER COMPON BN,https://objectstorage.sa-saopaulo-1.oraclecloud.com/n/grsxg5eatn7l/b/produtos/o/produtos/T23897BR-4-BN.png
T23897BR-4-CP, ACAB REG GAV/PRES LEVER COMPON CP,https://objectstorage.sa-saopaulo-1.oraclecloud.com/n/grsxg5eatn7l/b/produtos/o/produtos/T23897BR-4-CP.png
T23897BR-4-BL, ACAB REG GAV/PRES LEVER COMPON BL,https://objectstorage.sa-saopaulo-1.oraclecloud.com/n/grsxg5eatn7l/b/produtos/o/produtos/T23897BR-4-BL.png
T23897BR-4-RGD, ACAB REG GAV/PRES LEVER COMPON RGD,https://objectstorage.sa-saopaulo-1.oraclecloud.com/n/grsxg5eatn7l/b/produtos/o/produtos/T23897BR-4-RGD.png
T23897BR-4-RGD, ACAB REG GAV/PRES LEVER COMPON RGD,https://objectstorage.sa-saopaulo-1.oraclecloud.com/n/grsxg5eatn7l/b/produtos/o/produtos/T23897BR-4-RGD.png
15398BR-B-BL, TUBO CHUV TETO 137MM BL,https://objectstorage.sa-saopaulo-1.oraclecloud.com/n/grsxg5eatn7l/b/produtos/o/produtos/15398BR-B-BL.png
11626BR-BL, TUBO CHUV PAR RAIN 141MM BL,https://objectstorage.sa-saopaulo-1.oraclecloud.com/n/grsxg5eatn7l/b/produtos/o/produtos/11626BR-BL.png
9040BR-BL, SUPORTE PAR P DUC MAN QUAD BL,https://objectstorage.sa-saopaulo-1.oraclecloud.com/n/grsxg5eatn7l/b/produtos/o/produtos/9040BR-BL.png
880BR-BL, BASE MIST MON CHUV 40MM BL,https://objectstorage.sa-saopaulo-1.oraclecloud.com/n/grsxg5eatn7l/b/produtos/o/produtos/880BR-BL.png
882BR-BL, BASE MIST MON CHUV/BANH 40MM BL,https://objectstorage.sa-saopaulo-1.oraclecloud.com/n/grsxg5eatn7l/b/produtos/o/produtos/882BR-BL.png
T97033BR-4-CP, ACAB. REG GAV/PRES ARTIFACTS CP,https://objectstorage.sa-saopaulo-1.oraclecloud.com/n/grsxg5eatn7l/b/produtos/o/produtos/T97033BR-4-CP.png
T78025BR-4-BL, ACAB VALV CONTR VOL COMPON LEVER BL,https://objectstorage.sa-saopaulo-1.oraclecloud.com/n/grsxg5eatn7l/b/produtos/o/produtos/T78025BR-4-BL.png
T77974BR-9-CP, ACAB P/ MIST DE CHUV INDUSTRIAL CP,https://objectstorage.sa-saopaulo-1.oraclecloud.com/n/grsxg5eatn7l/b/produtos/o/produtos/T77974BR-9-CP.png
T77974BR-9-BN, ACAB P/ MIST DE CHUV INDUSTRIAL BN,https://objectstorage.sa-saopaulo-1.oraclecloud.com/n/grsxg5eatn7l/b/produtos/o/produtos/T77974BR-9-BN.png
T77974BR-9-BL, ACAB P/ MIST DE CHUV INDUSTRIAL BL,https://objectstorage.sa-saopaulo-1.oraclecloud.com/n/grsxg5eatn7l/b/produtos/o/produtos/T77974BR-9-BL.png
T77974BR-9-RGD, ACAB P/ MIST DE CHUV INDUSTRIAL RGD,https://objectstorage.sa-saopaulo-1.oraclecloud.com/n/grsxg5eatn7l/b/produtos/o/produtos/T77974BR-9-RGD.png
T77974BR-4-BN, ACAB P/ MIST DE CHUV LEVER BN,https://objectstorage.sa-saopaulo-1.oraclecloud.com/n/grsxg5eatn7l/b/produtos/o/produtos/T77974BR-4-BN.png
23674BR-CP, SUPLEMENTO DE CANOPLA RED CP,https://objectstorage.sa-saopaulo-1.oraclecloud.com/n/grsxg5eatn7l/b/produtos/o/produtos/23674BR-CP.png
23674BR-BN, SUPLEMENTO DE CANOPLA RED BN,https://objectstorage.sa-saopaulo-1.oraclecloud.com/n/grsxg5eatn7l/b/produtos/o/produtos/23674BR-BN.png
23674BR-BL, SUPLEMENTO DE CANOPLA RED BL,https://objectstorage.sa-saopaulo-1.oraclecloud.com/n/grsxg5eatn7l/b/produtos/o/produtos/23674BR-BL.png
23674BR-RGD, SUPLEMENTO DE CANOPLA RED RGD,https://objectstorage.sa-saopaulo-1.oraclecloud.com/n/grsxg5eatn7l/b/produtos/o/produtos/23674BR-RGD.png
23675BR-CP, SUPLEMENTO DE CANOPLA QUAD CP,https://objectstorage.sa-saopaulo-1.oraclecloud.com/n/grsxg5eatn7l/b/produtos/o/produtos/23675BR-CP.png
23674BR-BL, SUPLEMENTO DE CANOPLA RED BL,https://objectstorage.sa-saopaulo-1.oraclecloud.com/n/grsxg5eatn7l/b/produtos/o/produtos/23674BR-BL.png
T97038BR-4-CP, ACAB MIST CHUV ARTIFACTS CP,https://objectstorage.sa-saopaulo-1.oraclecloud.com/n/grsxg5eatn7l/b/produtos/o/produtos/T97038BR-4-CP.png
T23897BR-9-BL, ACAB REG GAV/PRES INDUSTRIAL COMPON BL,https://objectstorage.sa-saopaulo-1.oraclecloud.com/n/grsxg5eatn7l/b/produtos/o/produtos/T23897BR-9-BL.png
T77974BR-8-CP, ACAB P/ MIST DE CHUV OYL CP,https://objectstorage.sa-saopaulo-1.oraclecloud.com/n/grsxg5eatn7l/b/produtos/o/produtos/T77974BR-8-CP.png
T77974BR-8-RGD, ACAB P/ MIST DE CHUV OYL BL,https://objectstorage.sa-saopaulo-1.oraclecloud.com/n/grsxg5eatn7l/b/produtos/o/produtos/T77974BR-8-RGD.png
T77974BR-4-BL, ACAB P/ MIST DE CHUV OYL RGD,https://objectstorage.sa-saopaulo-1.oraclecloud.com/n/grsxg5eatn7l/b/produtos/o/produtos/T77974BR-4-BL.png
T23897BR-8-BL, ACAB REG GAV/PRES OYL COMPON BL,https://objectstorage.sa-saopaulo-1.oraclecloud.com/n/grsxg5eatn7l/b/produtos/o/produtos/T23897BR-8-BL.png
T23897BR-4-BL, ACAB REG GAV/PRES LEVER COMPON BL,https://objectstorage.sa-saopaulo-1.oraclecloud.com/n/grsxg5eatn7l/b/produtos/o/produtos/T23897BR-4-BL.png
T97098BR-4-BL, ACAB REG GAV/PRES TAUT BL,https://objectstorage.sa-saopaulo-1.oraclecloud.com/n/grsxg5eatn7l/b/produtos/o/produtos/T97098BR-4-BL.png
T97099BR-4-BL, ACAB MIST CHUV TAUT BL,https://objectstorage.sa-saopaulo-1.oraclecloud.com/n/grsxg5eatn7l/b/produtos/o/produtos/T97099BR-4-BL.png
16086BR-4-BL, VALV ANGULAR JULY BL,https://objectstorage.sa-saopaulo-1.oraclecloud.com/n/grsxg5eatn7l/b/produtos/o/produtos/16086BR-4-BL.png
77364BR-BL, DUCHA HIGIEN.LUXE BL,https://objectstorage.sa-saopaulo-1.oraclecloud.com/n/grsxg5eatn7l/b/produtos/o/produtos/77364BR-BL.png
26314BR-CP, BARRA DESLIZANTE GCS - 800MM CP,https://objectstorage.sa-saopaulo-1.oraclecloud.com/n/grsxg5eatn7l/b/produtos/o/produtos/26314BR-CP.png
26314BR-BL, BARRA DESLIZANTE GCS - 800MM BL,https://objectstorage.sa-saopaulo-1.oraclecloud.com/n/grsxg5eatn7l/b/produtos/o/produtos/26314BR-BL.png
26314BR-BN, BARRA DESLIZANTE GCS - 800MM BN,https://objectstorage.sa-saopaulo-1.oraclecloud.com/n/grsxg5eatn7l/b/produtos/o/produtos/26314BR-BN.png
26314BR-BL, BARRA DESLIZANTE GCS - 800MM BL,https://objectstorage.sa-saopaulo-1.oraclecloud.com/n/grsxg5eatn7l/b/produtos/o/produtos/26314BR-BL.png
26325BR-CP, TUBO CHUV TETO GCS - 127MM CP,https://objectstorage.sa-saopaulo-1.oraclecloud.com/n/grsxg5eatn7l/b/produtos/o/produtos/26325BR-CP.png
26325BR-BL, TUBO CHUV TETO GCS - 127MM BL,https://objectstorage.sa-saopaulo-1.oraclecloud.com/n/grsxg5eatn7l/b/produtos/o/produtos/26325BR-BL.png
26325BR-BN, TUBO CHUV TETO GCS - 127MM BN,https://objectstorage.sa-saopaulo-1.oraclecloud.com/n/grsxg5eatn7l/b/produtos/o/produtos/26325BR-BN.png
26323BR-CP, TUBO CHUV PAREDE GCS - 356MM CP,https://objectstorage.sa-saopaulo-1.oraclecloud.com/n/grsxg5eatn7l/b/produtos/o/produtos/26323BR-CP.png
26323BR-BL, TUBO CHUV PAREDE GCS - 356MM BL,https://objectstorage.sa-saopaulo-1.oraclecloud.com/n/grsxg5eatn7l/b/produtos/o/produtos/26323BR-BL.png
26323BR-BN, TUBO CHUV PAREDE GCS - 356MM BN,https://objectstorage.sa-saopaulo-1.oraclecloud.com/n/grsxg5eatn7l/b/produtos/o/produtos/26323BR-BN.png
26284BR-CP, DUCHA MANUAL ELÍPTICA GCS CP,https://objectstorage.sa-saopaulo-1.oraclecloud.com/n/grsxg5eatn7l/b/produtos/o/produtos/26284BR-CP.png
26284BR-BL, DUCHA MANUAL ELÍPTICA GCS BL,https://objectstorage.sa-saopaulo-1.oraclecloud.com/n/grsxg5eatn7l/b/produtos/o/produtos/26284BR-BL.png
26284BR-BN, DUCHA MANUAL ELÍPTICA GCS BN,https://objectstorage.sa-saopaulo-1.oraclecloud.com/n/grsxg5eatn7l/b/produtos/o/produtos/26284BR-BN.png
26290BR-CP, CHUV PAREDE GCS - 135-150MM CP,https://objectstorage.sa-saopaulo-1.oraclecloud.com/n/grsxg5eatn7l/b/produtos/o/produtos/26290BR-CP.png
26290BR-BL, CHUV PAREDE GCS - 135-150MM BL,https://objectstorage.sa-saopaulo-1.oraclecloud.com/n/grsxg5eatn7l/b/produtos/o/produtos/26290BR-BL.png
26290BR-BN, CHUV PAREDE GCS - 135-150MM BN,https://objectstorage.sa-saopaulo-1.oraclecloud.com/n/grsxg5eatn7l/b/produtos/o/produtos/26290BR-BN.png
26291BR-CP, CHUV RED TETO GCS KATALYST - 254MM CP,https://objectstorage.sa-saopaulo-1.oraclecloud.com/n/grsxg5eatn7l/b/produtos/o/produtos/26291BR-CP.png
26291BR-BL, CHUV RED TETO GCS KATALYST - 254MM BL,https://objectstorage.sa-saopaulo-1.oraclecloud.com/n/grsxg5eatn7l/b/produtos/o/produtos/26291BR-BL.png
26291BR-BN, CHUV RED TETO GCS KATALYST - 254MM BN,https://objectstorage.sa-saopaulo-1.oraclecloud.com/n/grsxg5eatn7l/b/produtos/o/produtos/26291BR-BN.png
26294BR-CP, CHUV OVAL TETO GCS - 305MM CP,https://objectstorage.sa-saopaulo-1.oraclecloud.com/n/grsxg5eatn7l/b/produtos/o/produtos/26294BR-CP.png
26294BR-BL, CHUV OVAL TETO GCS - 305MM BL,https://objectstorage.sa-saopaulo-1.oraclecloud.com/n/grsxg5eatn7l/b/produtos/o/produtos/26294BR-BL.png
26294BR-BN, CHUV OVAL TETO GCS - 305MM BN,https://objectstorage.sa-saopaulo-1.oraclecloud.com/n/grsxg5eatn7l/b/produtos/o/produtos/26294BR-BN.png
26297BR-CP, CHUV OVAL MULTIF TETO GCS - 454MM CP,https://objectstorage.sa-saopaulo-1.oraclecloud.com/n/grsxg5eatn7l/b/produtos/o/produtos/26297BR-CP.png
26297BR-BL, CHUV OVAL MULTIF TETO GCS - 454MM BL,https://objectstorage.sa-saopaulo-1.oraclecloud.com/n/grsxg5eatn7l/b/produtos/o/produtos/26297BR-BL.png
26297BR-BN, CHUV OVAL MULTIF TETO GCS - 454MM BN,https://objectstorage.sa-saopaulo-1.oraclecloud.com/n/grsxg5eatn7l/b/produtos/o/produtos/26297BR-BN.png
26299BR-CP, DUCHA LAT REDONDA GCS CP,https://objectstorage.sa-saopaulo-1.oraclecloud.com/n/grsxg5eatn7l/b/produtos/o/produtos/26299BR-CP.png
26299BR-BL, DUCHA LAT REDONDA GCS BL,https://objectstorage.sa-saopaulo-1.oraclecloud.com/n/grsxg5eatn7l/b/produtos/o/produtos/26299BR-BL.png
26299BR-BN, DUCHA LAT REDONDA GCS BL,https://objectstorage.sa-saopaulo-1.oraclecloud.com/n/grsxg5eatn7l/b/produtos/o/produtos/26299BR-BN.png
26300BR-CP, DUCHA LAT OVAL GCS CP,https://objectstorage.sa-saopaulo-1.oraclecloud.com/n/grsxg5eatn7l/b/produtos/o/produtos/26300BR-CP.png
26300BR-BL, DUCHA LAT OVAL GCS BL,https://objectstorage.sa-saopaulo-1.oraclecloud.com/n/grsxg5eatn7l/b/produtos/o/produtos/26300BR-BL.png
26300BR-BN, DUCHA LAT OVAL GCS BN,https://objectstorage.sa-saopaulo-1.oraclecloud.com/n/grsxg5eatn7l/b/produtos/o/produtos/26300BR-BN.png
26340BR-NA, VALV. TERMOSTÁTICA GCS - 2 SAÍDAS,https://objectstorage.sa-saopaulo-1.oraclecloud.com/n/grsxg5eatn7l/b/produtos/o/produtos/26340BR-NA.png
26342BR-NA, VALV. TERMOSTÁTICA GCS - 4 SAÍDAS,https://objectstorage.sa-saopaulo-1.oraclecloud.com/n/grsxg5eatn7l/b/produtos/o/produtos/26342BR-NA.png
26346BR-9-CP, ACAB. TERMOSTÁTICA TRIM GCS - 2 SAÍDAS CP,https://objectstorage.sa-saopaulo-1.oraclecloud.com/n/grsxg5eatn7l/b/produtos/o/produtos/26346BR-9-CP.png
26346BR-9-BL, ACAB. TERMOSTÁTICA TRIM GCS - 2 SAÍDAS BL,https://objectstorage.sa-saopaulo-1.oraclecloud.com/n/grsxg5eatn7l/b/produtos/o/produtos/26346BR-9-BL.png
26346BR-9-BN, ACAB. TERMOSTÁTICA TRIM GCS - 2 SAÍDAS BN,https://objectstorage.sa-saopaulo-1.oraclecloud.com/n/grsxg5eatn7l/b/produtos/o/produtos/26346BR-9-BN.png
26348BR-9-CP, ACAB. TERMOSTÁTICA TRIM GCS - 4 SAÍDAS CP,https://objectstorage.sa-saopaulo-1.oraclecloud.com/n/grsxg5eatn7l/b/produtos/o/produtos/26348BR-9-CP.png
26348BR-9-BL, ACAB. TERMOSTÁTICA TRIM GCS - 4 SAÍDAS BL,https://objectstorage.sa-saopaulo-1.oraclecloud.com/n/grsxg5eatn7l/b/produtos/o/produtos/26348BR-9-BL.png
26348BR-9-BN, ACAB. TERMOSTÁTICA TRIM GCS - 4 SAÍDAS BN,https://objectstorage.sa-saopaulo-1.oraclecloud.com/n/grsxg5eatn7l/b/produtos/o/produtos/26348BR-9-BN.png
T23897BR-9-CP, ACAB REG GAV/PRES INDUSTRIAL COMPON CP,https://objectstorage.sa-saopaulo-1.oraclecloud.com/n/grsxg5eatn7l/b/produtos/o/produtos/T23897BR-9-CP.png
T23897BR-9-BL, ACAB REG GAV/PRES INDUSTRIAL COMPON BL,https://objectstorage.sa-saopaulo-1.oraclecloud.com/n/grsxg5eatn7l/b/produtos/o/produtos/T23897BR-9-BL.png
T23897BR-9-BN, ACAB REG GAV/PRES INDUSTRIAL COMPON BN,https://objectstorage.sa-saopaulo-1.oraclecloud.com/n/grsxg5eatn7l/b/produtos/o/produtos/T23897BR-9-BN.png
T23897BR-9-RGD, ACAB REG GAV/PRES INDUSTRIAL COMPON RGD,https://objectstorage.sa-saopaulo-1.oraclecloud.com/n/grsxg5eatn7l/b/produtos/o/produtos/T23897BR-9-RGD.png
T23897BR-8-CP, ACAB REG GAV/PRES OYL COMPON CP,https://objectstorage.sa-saopaulo-1.oraclecloud.com/n/grsxg5eatn7l/b/produtos/o/produtos/T23897BR-8-CP.png
T23897BR-8-BN, ACAB REG GAV/PRES OYL COMPON BN,https://objectstorage.sa-saopaulo-1.oraclecloud.com/n/grsxg5eatn7l/b/produtos/o/produtos/T23897BR-8-BN.png
T23897BR-8-BL, ACAB REG GAV/PRES OYL COMPON BL,https://objectstorage.sa-saopaulo-1.oraclecloud.com/n/grsxg5eatn7l/b/produtos/o/produtos/T23897BR-8-BL.png
T23897BR-8-RGD, ACAB REG GAV/PRES OYL COMPON RGD,https://objectstorage.sa-saopaulo-1.oraclecloud.com/n/grsxg5eatn7l/b/produtos/o/produtos/T23897BR-8-RGD.png
26325BR-BL, TUBO CHUV TETO GCS - 127MM BL,https://objectstorage.sa-saopaulo-1.oraclecloud.com/n/grsxg5eatn7l/b/produtos/o/produtos/26325BR-BL.png
26323BR-BL, TUBO CHUV PAREDE GCS - 356MM BL,https://objectstorage.sa-saopaulo-1.oraclecloud.com/n/grsxg5eatn7l/b/produtos/o/produtos/26323BR-BL.png
26284BR-BL, DUCHA MANUAL ELÍPTICA GCS BL,https://objectstorage.sa-saopaulo-1.oraclecloud.com/n/grsxg5eatn7l/b/produtos/o/produtos/26284BR-BL.png
26290BR-BL, CHUV PAREDE GCS - 135-150MM BL,https://objectstorage.sa-saopaulo-1.oraclecloud.com/n/grsxg5eatn7l/b/produtos/o/produtos/26290BR-BL.png
26291BR-BL, CHUV RED TETO GCS KATALYST - 254MM BL,https://objectstorage.sa-saopaulo-1.oraclecloud.com/n/grsxg5eatn7l/b/produtos/o/produtos/26291BR-BL.png
26294BR-BL, CHUV OVAL TETO GCS - 305MM BL,https://objectstorage.sa-saopaulo-1.oraclecloud.com/n/grsxg5eatn7l/b/produtos/o/produtos/26294BR-BL.png
26297BR-BL, CHUV OVAL MULTIF TETO GCS - 454MM BL,https://objectstorage.sa-saopaulo-1.oraclecloud.com/n/grsxg5eatn7l/b/produtos/o/produtos/26297BR-BL.png
26299BR-BL, DUCHA LAT REDONDA GCS BL,https://objectstorage.sa-saopaulo-1.oraclecloud.com/n/grsxg5eatn7l/b/produtos/o/produtos/26299BR-BL.png
26300BR-BL, DUCHA LAT OVAL GCS BL,https://objectstorage.sa-saopaulo-1.oraclecloud.com/n/grsxg5eatn7l/b/produtos/o/produtos/26300BR-BL.png
26346BR-9-BL, ACAB. TERMOSTÁTICA TRIM GCS - 2 SAÍDAS BL,https://objectstorage.sa-saopaulo-1.oraclecloud.com/n/grsxg5eatn7l/b/produtos/o/produtos/26346BR-9-BL.png
26348BR-9-BL, ACAB. TERMOSTÁTICA TRIM GCS - 4 SAÍDAS BL,https://objectstorage.sa-saopaulo-1.oraclecloud.com/n/grsxg5eatn7l/b/produtos/o/produtos/26348BR-9-BL.png
28267BR-CP, COMPONENTS - MON SEMI PROF COZ CP,https://objectstorage.sa-saopaulo-1.oraclecloud.com/n/grsxg5eatn7l/b/produtos/o/produtos/28267BR-CP.png
28267BR-VS, COMPONENTS - MON SEMI PROF COZ VS,https://objectstorage.sa-saopaulo-1.oraclecloud.com/n/grsxg5eatn7l/b/produtos/o/produtos/28267BR-VS.png
28267BR-2MB, COMPONENTS - MON SEMI PROF COZ 2MB,https://objectstorage.sa-saopaulo-1.oraclecloud.com/n/grsxg5eatn7l/b/produtos/o/produtos/28267BR-2MB.png
28267BR-BL, COMPONENTS - MON SEMI PROF COZ BL,https://objectstorage.sa-saopaulo-1.oraclecloud.com/n/grsxg5eatn7l/b/produtos/o/produtos/28267BR-BL.png
28267BR-BL, COMPONENTS - MON SEMI PROF COZ BL,https://objectstorage.sa-saopaulo-1.oraclecloud.com/n/grsxg5eatn7l/b/produtos/o/produtos/28267BR-BL.png
28267BR-2MB, COMPONENTS - MON SEMI PROF COZ 2MB,https://objectstorage.sa-saopaulo-1.oraclecloud.com/n/grsxg5eatn7l/b/produtos/o/produtos/28267BR-2MB.png
28268BR-BL, COMPONENTS - MIST MON COZ BL,https://objectstorage.sa-saopaulo-1.oraclecloud.com/n/grsxg5eatn7l/b/produtos/o/produtos/28268BR-BL.png
28268BR-2MB, COMPONENTS - MIST MON COZ 2MB,https://objectstorage.sa-saopaulo-1.oraclecloud.com/n/grsxg5eatn7l/b/produtos/o/produtos/28268BR-2MB.png
28268BR-CP, COMPONENTS - MIST MON COZ CP,https://objectstorage.sa-saopaulo-1.oraclecloud.com/n/grsxg5eatn7l/b/produtos/o/produtos/28268BR-CP.png
28268BR-VS, COMPONENTS - MIST MON COZ VS,https://objectstorage.sa-saopaulo-1.oraclecloud.com/n/grsxg5eatn7l/b/produtos/o/produtos/28268BR-VS.png
28268BR-2MB, COMPONENTS - MIST MON COZ 2MB,https://objectstorage.sa-saopaulo-1.oraclecloud.com/n/grsxg5eatn7l/b/produtos/o/produtos/28268BR-2MB.png
28268BR-BL, COMPONENTS - MIST MON COZ BL,https://objectstorage.sa-saopaulo-1.oraclecloud.com/n/grsxg5eatn7l/b/produtos/o/produtos/28268BR-BL.png
28269BR-BL, COMPONENTS - MIST MON QUAD COZ BL,https://objectstorage.sa-saopaulo-1.oraclecloud.com/n/grsxg5eatn7l/b/produtos/o/produtos/28269BR-BL.png
28269BR-2MB, COMPONENTS - MIST MON QUAD COZ 2MB,https://objectstorage.sa-saopaulo-1.oraclecloud.com/n/grsxg5eatn7l/b/produtos/o/produtos/28269BR-2MB.png
28269BR-CP, COMPONENTS - MIST MON COZ QUAD CP,https://objectstorage.sa-saopaulo-1.oraclecloud.com/n/grsxg5eatn7l/b/produtos/o/produtos/28269BR-CP.png
28269BR-VS, COMPONENTS - MIST MON QUAD COZ VS,https://objectstorage.sa-saopaulo-1.oraclecloud.com/n/grsxg5eatn7l/b/produtos/o/produtos/28269BR-VS.png
28269BR-2MB, COMPONENTS - MIST MON QUAD COZ 2MB,https://objectstorage.sa-saopaulo-1.oraclecloud.com/n/grsxg5eatn7l/b/produtos/o/produtos/28269BR-2MB.png
28269BR-BL, COMPONENTS - MIST MON QUAD COZ BL,https://objectstorage.sa-saopaulo-1.oraclecloud.com/n/grsxg5eatn7l/b/produtos/o/produtos/28269BR-BL.png
28276BR-BL, COMPONENTS - TORN COZ PAR BL,https://objectstorage.sa-saopaulo-1.oraclecloud.com/n/grsxg5eatn7l/b/produtos/o/produtos/28276BR-BL.png
28276BR-2MB, COMPONENTS - TORN COZ PAR 2MB,https://objectstorage.sa-saopaulo-1.oraclecloud.com/n/grsxg5eatn7l/b/produtos/o/produtos/28276BR-2MB.png
28276BR-CP, COMPONENTS - TORN COZ PAR CP,https://objectstorage.sa-saopaulo-1.oraclecloud.com/n/grsxg5eatn7l/b/produtos/o/produtos/28276BR-CP.png
28276BR-VS, COMPONENTS - TORN COZ PAR VS,https://objectstorage.sa-saopaulo-1.oraclecloud.com/n/grsxg5eatn7l/b/produtos/o/produtos/28276BR-VS.png
28276BR-2MB, COMPONENTS - TORN COZ PAR 2MB,https://objectstorage.sa-saopaulo-1.oraclecloud.com/n/grsxg5eatn7l/b/produtos/o/produtos/28276BR-2MB.png
28276BR-BL, COMPONENTS - TORN COZ PAR BL,https://objectstorage.sa-saopaulo-1.oraclecloud.com/n/grsxg5eatn7l/b/produtos/o/produtos/28276BR-BL.png
28290BR-BL, COMPONENTS - MIST MON COZ 360° BL,https://objectstorage.sa-saopaulo-1.oraclecloud.com/n/grsxg5eatn7l/b/produtos/o/produtos/28290BR-BL.png
28290BR-2MB, COMPONENTS - MIST MON COZ 360° 2MB,https://objectstorage.sa-saopaulo-1.oraclecloud.com/n/grsxg5eatn7l/b/produtos/o/produtos/28290BR-2MB.png
28290BR-CP, COMPONENTS - MIST MON COZ 360° CP,https://objectstorage.sa-saopaulo-1.oraclecloud.com/n/grsxg5eatn7l/b/produtos/o/produtos/28290BR-CP.png
28290BR-VS, COMPONENTS - MIST MON COZ 360° VS,https://objectstorage.sa-saopaulo-1.oraclecloud.com/n/grsxg5eatn7l/b/produtos/o/produtos/28290BR-VS.png
28290BR-2MB, COMPONENTS - MIST MON COZ 360° 2MB,https://objectstorage.sa-saopaulo-1.oraclecloud.com/n/grsxg5eatn7l/b/produtos/o/produtos/28290BR-2MB.png
28290BR-BL, COMPONENTS - MIST MON COZ 360° BL,https://objectstorage.sa-saopaulo-1.oraclecloud.com/n/grsxg5eatn7l/b/produtos/o/produtos/28290BR-BL.png
22033BR-CP, SIMPLICE - MON SEMI PROFISSIONAL COZINHA CP,https://objectstorage.sa-saopaulo-1.oraclecloud.com/n/grsxg5eatn7l/b/produtos/o/produtos/22033BR-CP.png
22033BR-BL, SIMPLICE - MON SEMI PROFISSIONAL COZINHA BL,https://objectstorage.sa-saopaulo-1.oraclecloud.com/n/grsxg5eatn7l/b/produtos/o/produtos/22033BR-BL.png
22033BR-VS, SIMPLICE - MON SEMI PROFISSIONAL COZINHA VS,https://objectstorage.sa-saopaulo-1.oraclecloud.com/n/grsxg5eatn7l/b/produtos/o/produtos/22033BR-VS.png
T74041BR-4-BL, ACAB MIST MON CHUV/BANH TAUT BL,https://objectstorage.sa-saopaulo-1.oraclecloud.com/n/grsxg5eatn7l/b/produtos/o/produtos/T74041BR-4-BL.png
T77974BR-9-BL, ACAB P/ MIST DE CHUV INDUSTRIAL BL,https://objectstorage.sa-saopaulo-1.oraclecloud.com/n/grsxg5eatn7l/b/produtos/o/produtos/T77974BR-9-BL.png
T77974BR-8-RGD, ACAB P/ MIST DE CHUV OYL BL,https://objectstorage.sa-saopaulo-1.oraclecloud.com/n/grsxg5eatn7l/b/produtos/o/produtos/T77974BR-8-RGD.png
23475BR-4ND-BL, MIST MON LAV BICA AL PARALLEL BL,https://objectstorage.sa-saopaulo-1.oraclecloud.com/n/grsxg5eatn7l/b/produtos/o/produtos/23475BR-4ND-BL.png
T74039BR-4-BL, ACAB MIST MON CHUV TAUT BL,https://objectstorage.sa-saopaulo-1.oraclecloud.com/n/grsxg5eatn7l/b/produtos/o/produtos/T74039BR-4-BL.png
22972BR-BL, Crue MIST MON COZ DUC REMOV BL,https://objectstorage.sa-saopaulo-1.oraclecloud.com/n/grsxg5eatn7l/b/produtos/o/produtos/22972BR-BL.png
74028BR-4ND-BL, TORN LAV BICA BX TAUT BL,https://objectstorage.sa-saopaulo-1.oraclecloud.com/n/grsxg5eatn7l/b/produtos/o/produtos/74028BR-4ND-BL.png
7314BR-BL, SIFÃO PARA LAVATÓRIO BL,https://objectstorage.sa-saopaulo-1.oraclecloud.com/n/grsxg5eatn7l/b/produtos/o/produtos/7314BR-BL.png
